0.0944405215832818,0.0942582105816201,0.0755089192025184,0,0.181573976915005,0.181573976915005,24.7090268223107,643.657031130958,0.712774273970158,0.442605426158535,0,0.0944405215832818,0.104670561266927,0.0221830985915493,0.279113924050633,0,0,0,0,0,female

0.0907187790362056,0.121788548147916,0.00053639846743295,0,0.248352490421456,0.248352490421456,18.1540255404288,349.169263981271,0.457385908095026,0.0751620896685345,0,0.0907187790362056,0.174642472950534,0.0471153846153846,0.275625,0,0,0,0,0,female
0.0128950656763464,0.0526447151244626,0,0,0.000645161290322581,0.000645161290322581,16.6811425605036,293.272499990091,0.196340319409422,0.0407312470130867,0,0.0128950656763464,0.204386295628565,0.1378125,0.275625,0,0,0,0,0,female
0.0800803577591017,0.108433140938098,0.000719794344473008,0,0.208740359897172,0.208740359897172,15.7374091594039,261.69575965,0.528197139102912,0.188771645034429,0,0.0800803577591017,0.133291197508986,0.0123876404494382,0.256395348837209,0,0,0,0,0,female
0.110205558088381,0.126733065291528,0.00048780487804878,0,0.259512195121951,0.259512195121951,18.8142459817707,377.858096348158,0.503891281897683,0.0849882608097755,0,0.110205558088381,0.218304944701508,0.049,0.275625,0,0,0,0,0,female
0.0529032010696724,0.0736705704918579,0.00180645161290323,0,0.10658064516129,0.10658064516129,9.85326671106023,103.41622451312,0.609848485563713,0.34251743428222,0,0.0529032010696724,0.110414947646913,0.0217241379310345,0.204166666666667,0,0,0,0,0,female
0.112051532193212,0.0922942715804726,0.119402985074627,0.000597014925373134,0.198208955223881,0.197611940298507,17.0283292391833,309.730653771087,0.770435460421162,0.415400196846652,0,0.112051532193212,0.09551627905221,0.0275625,0.186864406779661,0,0,0,0,0,male
0.0801691953080975,0.108652680227274,0.000453808752025932,0,0.196045380875203,0.196045380875203,19.8798566215909,416.671566703143,0.516934705519928,0.208185875988209,0,0.0801691953080975,0.21823099858335,0.0299120603015075,0.270568181818182,0,0,0,0,0,male
0.133208853205677,0.106515202643634,0.177750385208012,0.000431432973805855,0.223482280431433,0.223050847457627,20.0498045725475,428.826598044037,0.701747308631605,0.19694257118097,0,0.133208853205677,0.191559687951974,0.0861328125,0.275625,0,0,0,0,0,female
0.0455866421030676,0.0931649257616657,0,0,0.000206337509211496,0.000206337509211496,29.5964431620199,920.635980816226,0.340945950266683,0.114444230782599,0,0.0455866421030676,0.145007154149422,0.0125,0.2625,0,0,0,0,0,male
0.0455798059161983,0.0850568203012034,0,0,0.000434108527131783,0.000434108527131783,20.3584206290579,436.411189741406,0.368106895438472,0.092263002716842,0,0.0455798059161983,0.137866106442671,0.0147788203753351,0.2205,0,0,0,0,0,female
0.105557915435544,0.0952119284029007,0.107790432801822,0.000637813211845103,0.182414578587699,0.181776765375854,16.5999526634483,292.852456923013,0.752218805211593,0.416429726492854,0,0.105557915435544,0.0859246727096041,0.0251712328767123,0.169615384615385,0,0,0,0,0,male
0.0929503576797201,0.104903314594881,0.04788,0,0.20244,0.20244,25.3552243507233,676.86256596126,0.633771180422421,0.303559483627101,0,0.0929503576797201,0.171562594166681,0.0153551532033426,0.275625,0,0,0,0,0,female
0.0904348781351096,0.109305438265069,0.000557768924302789,0,0.210278884462151,0.210278884462151,17.8731952250432,337.63897473893,0.564922456907926,0.160767706730826,0,0.0904348781351096,0.204232566651565,0.162132352941176,0.250568181818182,0,0,0,0,0,female
0.0942379240069486,0.0892402382375446,0.116025369978858,0,0.166934460887949,0.166934460887949,16.8249799712088,305.293247703856,0.70042757178268,0.343464838838993,0,0.0942379240069486,0.164557923444759,0.06125,0.275625,0,0,0,0,0,female
0.0970796613200728,0.0916363332807737,0.130208588957055,0,0.16559509202454,0.16559509202454,22.6737046663063,544.817582227276,0.656712860743091,0.240756404423563,0,0.0970796613200728,0.105390998734229,0.0226153846153846,0.275625,0,0,0,0,0,female
0.0813639858849261,0.106158785226287,0.000445151033386328,0,0.20610492845787,0.20610492845787,20.0585784892888,424.389310958455,0.516180266378421,0.160897691785115,0,0.0813639858849261,0.195066417925287,0.113659793814433,0.2625,0,0,0,0,0,female
0.0533304243575236,0.0745437172657823,0.0231724137931034,0,0.068551724137931,0.068551724137931,13.4370972497197,192.510605421342,0.702618981940733,0.40848315361343,0,0.0533304243575236,0.103040295338615,0.0324264705882353,0.204166666666667,0,0,0,0,0,male
0.109781429851796,0.0909344500486677,0.156547842401501,0.000525328330206379,0.185440900562852,0.184915572232645,17.7450303878338,341.223923024391,0.718984291771263,0.254157489253451,0,0.109781429851796,0.162504466499562,0.06125,0.196875,0,0,0,0,0,female
0.0890958477077206,0.11764029578985,0.000358056265984655,0,0.239539641943734,0.239539641943734,22.3578939340408,527.300091736783,0.47592865504373,0.102564118121209,0,0.0890958477077206,0.156976515218486,0.0206848030018762,0.275625,0,0,0,0,0,female
0.0882399407728728,0.103054856336125,0.000782122905027933,0,0.20413407821229,0.20413407821229,14.9431104843859,237.678930024173,0.544423504409103,0.13885671863109,0,0.0882399407728728,0.204401777344735,0.186864406779661,0.2205,0,0,0,0,0,female
0.0102620761401969,0.0404272251467661,0,0,0.000930232558139535,0.000930232558139535,13.8588959715013,202.826067201645,0.209886111061807,0.0438133621184919,0,0.0102620761401969,0.121417141262376,0.0368729096989967,0.162132352941176,0,0,0,0,0,female
0.0511777831170863,0.0945479516543771,0.000399429386590585,0,0.00079885877318117,0.00079885877318117,21.2359400247169,474.672835016986,0.389653445236074,0.141502865393232,0,0.0511777831170863,0.164104540905649,0.0124295377677565,0.275625,0,0,0,0,0,female

0.0876028609016523,0.103827355894749,0.00020260492040521,0,0.206251808972504,0.206251808972504,29.8309878149479,936.484193417812,0.593447481533671,0.308273959559702,0,0.0876028609016523,0.164730170296741,0.0120229007633588,0.26890243902439,0,0,0,0,0,female
0.085625838860913,0.104842767383164,0.000646651270207852,0,0.186235565819861,0.186235565819861,16.5831024958859,290.714636866511,0.6064268488261,0.304200762500098,0,0.085625838860913,0.146064489560483,0.0204925650557621,0.250568181818182,0,0,0,0,0,female
0.178692017516068,0.0651835293622855,0.187650602409639,0.130722891566265,0.229397590361446,0.0986746987951807,1.02143294824405,3.84045102650468,0.94359106879391,0.558624605361637,0,0.178692017516068,0.073872376528005,0.0219621513944223,0.26566265060241,0.9750234375,0,3.2622802734375,3.2622802734375,0.113998899889989,male
0.0868238690490529,0.106016741800741,0.000453808752025932,0,0.154748784440843,0.154748784440843,19.7699065118362,413.650375572085,0.548306971137905,0.135624086643023,0,0.0868238690490529,0.135118621846443,0.0652366863905325,0.256395348837209,0,0,0,0,0,male
0.0315455285983659,0.0746802806655412,0,0,0.00264150943396226,0.00264150943396226,8.09726628694085,70.0850022865768,0.382749404167975,0.148432081207098,0,0.0315455285983659,0.157661791151062,0.112393939393939,0.183917355371901,0,0,0,0,0,male
0.0937814544404359,0.107889652758166,0.000567951318458418,0,0.220365111561866,0.220365111561866,17.6885640033924,331.024332842355,0.594198879629807,0.216229464264404,0,0.0937814544404359,0.223589033781427,0.169615384615385,0.26890243902439,0,0,0,0,0,female
0.135532616659564,0.112318025118083,0.193030303030303,0,0.237045454545455,0.237045454545455,17.9864004106233,346.412394355786,0.681844642972348,0.185877392813122,0,0.135532616659564,0.206393722900426,0.0371212121212121,0.26890243902439,0,0,0,0,0,female
0.0635961282301692,0.0830642848933801,0.000758807588075881,0,0.130514905149051,0.130514905149051,15.3129787939673,248.054249344123,0.586847070879468,0.273519613102085,0,0.0635961282301692,0.103040778095343,0.0262812872467223,0.195132743362832,0,0,0,0,0,female
0.0906669074406017,0.0900494508457446,0.130724191063174,0,0.166964560862866,0.166964560862866,20.026205624292,427.934564057851,0.596122515418778,0.150013435890144,0,0.0906669074406017,0.152287415790591,0.0835227272727273,0.18375,0,0,0,0,0,female
0.0352929296267385,0.076088650928038,0,0,0.000816326530612245,0.000816326530612245,14.79853799513,231.205306024185,0.330588579793391,0.0733912025249226,0,0.0352929296267385,0.153892479208187,0.0548507462686567,0.193421052631579,0,0,0,0,0,female
0.0917082571953738,0.106217511020012,0.000126984126984127,0,0.200380952380952,0.200380952380952,37.7188912546232,1495.22610032044,0.600885238793011,0.333540872823094,0,0.0917082571953738,0.0604608882355514,0.0218316831683168,0.2625,0,0,0,0,0,male
0.0475585938127492,0.0830260920586171,0.00049645390070922,0,0.0928368794326241,0.0928368794326241,19.0113785353848,380.976489003584,0.419599214003613,0.137430193260098,0,0.0475585938127492,0.158283806319197,0.0109810756972112,0.275625,0,0,0,0,0,female
0.0956416161201849,0.111436128201354,0.000319634703196347,0,0.211917808219178,0.211917808219178,23.6930487808185,591.695982730286,0.55487995290818,0.177653735359192,0,0.0956416161201849,0.158368731895688,0.0112156663275687,0.2625,0,0,0,0,0,male
0.0329260823168987,0.0789815204526294,0,0,0.000444444444444444,0.000444444444444444,20.1273778267696,426.42793145689,0.313814268694463,0.102574455344931,0,0.0329260823168987,0.19054096289504,0.0268248175182482,0.275625,0,0,0,0,0,male
0.142233645935863,0.10174746695236,0.182962962962963,0.000246913580246914,0.230123456790123,0.229876543209877,26.0718486129385,732.363725177135,0.729889126404096,0.277456931017071,0,0.142233645935863,0.157694552952659,0.0111027190332326,0.26890243902439,0,0,0,0,0,female
0.118673519251657,0.119305301311218,0.107488151658768,0,0.243175355450237,0.243175355450237,23.1298513887467,565.973575614717,0.584931461223869,0.101376429994644,0,0.118673519251657,0.174823936232685,0.0189108061749571,0.275625,0,0,0,0,0,female
0.0944998376125068,0.107624373576174,0.00014621409921671,0,0.21244908616188,0.21244908616188,35.1508240450697,1298.90433965052,0.591950552044802,0.290318676509767,0,0.0944998376125068,0.174177085527254,0.0234574468085106,0.275625,0,0,0,0,0,male
0.0318542607026207,0.0707714422718963,0,0,0.000619469026548673,0.000619469026548673,17.0185730137915,305.314208832544,0.319065766271056,0.0796190842933964,0,0.0318542607026207,0.164856217981941,0.019758064516129,0.26890243902439,0,0,0,0,0,female
0.100927864145268,0.0983458570289219,0.137116104868914,0,0.175917602996255,0.175917602996255,26.0792023224745,718.329027139886,0.640394916808496,0.216776452460997,0,0.100927864145268,0.162812936896061,0.0253448275862069,0.2205,0,0,0,0,0,female
0.115372075169657,0.112016218465717,0.161233933161954,0,0.223136246786632,0.223136246786632,15.3431718405214,253.087802659231,0.606381557641204,0.153121355829832,0,0.115372075169657,0.191165596030793,0.0247752808988764,0.256395348837209,0,0,0,0,0,female
0.101044134955765,0.10982107116837,0.000266412940057088,0,0.223786869647954,0.223786869647954,25.9519133928028,709.810350096166,0.591284757420533,0.139788310269173,0,0.101044134955765,0.124295550391948,0.0116420274551214,0.196875,0,0,0,0,0,male
0.0752841815647594,0.0928890936233479,0.00732984293193717,0,0.186910994764398,0.186910994764398,22.0597538849324,513.979587684708,0.633393197994656,0.306969926014549,0,0.0752841815647594,0.186819667911367,0.0302469135802469,0.259411764705882,0,0,0,0,0,female
0.0740305891321603,0.0846742065077086,0.0509708737864078,0,0.136941747572816,0.136941747572816,22.9899912061206,557.037444868145,0.666410167076059,0.40275592919201,0,0.0740305891321603,0.0982835468200444,0.0297972972972973,0.175,0,0,0,0,0,male
0.106316773668293,0.104265306472947,0.110501672240803,0,0.208829431438127,0.208829431438127,19.4697478451511,401.193615013023,0.654948415484777,0.267133240976995,0,0.106316773668293,0.133715110578982,0.011460498960499,0.256395348837209,0,0,0,0,0,female
0.110870072655881,0.110216317047763,0.105228758169935,0,0.215032679738562,0.215032679738562,13.6197832762131,199.445568121816,0.61266079415437,0.164637972389658,0,0.110870072655881,0.211337130833003,0.200454545454545,0.225,0,0,0,0,0,female
0.0891321786488054,0.0919195427273049,0.0873239436619718,0,0.169577464788732,0.169577464788732,17.780879416584,334.282274874229,0.684146597689748,0.365320668366539,0,0.0891321786488054,0.117315650280691,0.0395161290322581,0.208018867924528,0,0,0,0,0,male
0.0651615729244515,0.0925917356907272,0.000412979351032448,0,0.174690265486726,0.174690265486726,20.8547879913825,458.311462123041,0.544556703026799,0.223643396526831,0,0.0651615729244515,0.157709904340434,0.0233026178010471,0.247266666666667,0,0,0,0,0,female
0.0899180762479842,0.0917880319000636,0.0463694267515924,0.000445859872611465,0.188152866242038,0.187707006369427,19.622523715889,412.044689169908,0.749262658365681,0.394036756112458,0,0.0899180762479842,0.164509365704122,0.0215542521994135,0.279113924050633,0,0,0,0,0,female
0.0720806747899696,0.110137488686947,0.00152173913043478,0,0.196304347826087,0.196304347826087,10.7221017933196,122.451063961399,0.480630186868556,0.150252371236854,0,0.0720806747899696,0.141275207319144,0.0302054794520548,0.250568181818182,0,0,0,0,0,female
0.117416973158064,0.102229601001689,0.107417640807651,0.000297555791710946,0.224357066950053,0.224059511158342,24.3369835192858,628.1470210592,0.734140768094451,0.351242088293122,0,0.117416973158064,0.204716522874238,0.0483552631578947,0.275625,0,0,0,0,0,female
0.0571078545233888,0.0936142778720174,0.000384087791495199,0,0.116378600823045,0.116378600823045,21.6585321554318,493.707328589374,0.439341599650347,0.171718123591643,0,0.0571078545233888,0.0880479167312596,0.0451844262295082,0.118548387096774,0,0,0,0,0,male
0.0990387481599945,0.106425518004031,0.00021455938697318,0,0.209409961685824,0.209409961685824,28.8874848457356,880.082097530114,0.580528321310127,0.211079873185208,0,0.0990387481599945,0.151659475037323,0.0118293991416309,0.239673913043478,0,0,0,0,0,female
0.0537304193006331,0.090092049124057,0.000368906455862978,0,0.0689855072463768,0.0689855072463768,22.1027061189602,514.140930662683,0.515610660512706,0.28010279214014,0,0.0537304193006331,0.212187061461296,0.143181818181818,0.275625,0,0,0,0,0,female
0.0618409086434661,0.101069514629332,0.000503597122302158,0,0.175755395683453,0.175755395683453,18.8838109885527,375.794127911352,0.420765532689327,0.111114209946093,0,0.0618409086434661,0.173591000436976,0.0165540540540541,0.2625,0,0,0,0,0,female
0.0560937530293682,0.0900482947357678,0.000663507109004739,0,0.150616113744076,0.150616113744076,16.4204898163769,284.617309471752,0.454332172007331,0.17473434545782,0,0.0560937530293682,0.197309367677816,0.170212765957447,0.242424242424242,0,0,0,0,0,female
0.0893181225963336,0.108626332418322,0.000790960451977401,0,0.202485875706215,0.202485875706215,14.9887888293809,237.896139383203,0.562804469046968,0.184635035228755,0,0.0893181225963336,0.179765515260556,0.0609116022099448,0.275625,0,0,0,0,0,male
0.115367507248224,0.104866061934227,0.156905660377358,0,0.196528301886792,0.196528301886792,25.8796906566707,709.221363256427,0.658735422606153,0.211472412395504,0,0.115367507248224,0.149660552142596,0.0128496503496503,0.256395348837209,0,0,0,0,0,female
0.10495220289483,0.110206987741269,0.0907479224376731,0,0.213296398891967,0.213296398891967,15.0406580774233,240.488783721437,0.622372226845878,0.174309824643686,0,0.10495220289483,0.111304523225879,0.0115687303252886,0.2625,0,0,0,0,0,female
0.0843144965419228,0.111122626307371,0.00036036036036036,0,0.220900900900901,0.220900900900901,22.3220518043246,525.035671216024,0.501707759239376,0.151277547905319,0,0.0843144965419228,0.193410666421055,0.0517605633802817,0.26890243902439,0,0,0,0,0,female
0.0612257467654061,0.107239981369592,0.000924092409240924,0,0.085016501650165,0.085016501650165,13.8384814100558,202.921790891105,0.387891554981606,0.0798841616802229,0,0.0612257467654061,0.253818243051617,0.128197674418605,0.275625,0,0,0,0,0,female
0.0704491900467429,0.105449139855795,0.000708860759493671,0,0.192101265822785,0.192101265822785,15.8865499666174,266.505899811052,0.48501834835968,0.17525915634411,0,0.0704491900467429,0.11321293293186,0.0118293991416309,0.275625,0,0,0,0,0,female
0.0425931662601572,0.0892260160460072,0,0,0.000719794344473008,0.000719794344473008,15.7773532191497,262.587297985467,0.352350586557864,0.107317006897376,0,0.0425931662601572,0.173987750497091,0.0496621621621622,0.2625,0,0,0,0,0,female
0.032739246965122,0.082395220099527,0,0,0.000591966173361522,0.000591966173361522,17.4208609244575,319.829649180299,0.292914699539713,0.0710170958777694,0,0.032739246965122,0.211432340607345,0.0554020100502513,0.275625,0,0,0,0,0,female
0.0187849694346471,0.0604185784377483,0,0,0.000823529411764706,0.000823529411764706,14.7430708430609,229.361555927797,0.24243319988432,0.0593336525709486,0,0.0187849694346471,0.16875474196126,0.0335106382978723,0.250568181818182,0,0,0,0,0,female
0.0656040306760462,0.107445510289584,0.000921052631578947,0,0.179605263157895,0.179605263157895,13.8767836141892,203.911613256091,0.41921661896823,0.09287672737028,0,0.0656040306760462,0.202527386441662,0.0668181818181818,0.26890243902439,0,0,0,0,0,female
0.0862059509244324,0.106126650983312,0.000283114256825076,0,0.191951466127401,0.191951466127401,25.2121425155326,669.241230489975,0.541277572409896,0.178135164994992,0,0.0862059509244324,0.143448365349766,0.0109592445328032,0.275625,0,0,0,0,0,female
0.0192223033345192,0.0609897605155099,0,0,0.000215550423402617,0.000215550423402617,28.9593373494054,881.356806275738,0.231587453505972,0.0734525920067257,0,0.0192223033345192,0.109031346566565,0.0144495412844037,0.2625,0,0,0,0,0,female
0.08903685901636,0.0918701798555957,0.0935678391959799,0,0.18572864321608,0.18572864321608,15.6910772389344,262.828474277715,0.665821499101482,0.31851571940932,0,0.08903685901636,0.0943526672867472,0.0297169811320755,0.200454545454545,0,0,0,0,0,male
0.017759359067454,0.0558486571293222,0,0,0.000329411764705882,0.000329411764705882,23.4041370306504,576.077039309931,0.236886500868807,0.0672474214012093,0,0.017759359067454,0.17237979427241,0.0121420704845815,0.275625,0,0,0,0,0,female
0.109141843400395,0.0952390279843074,0.163399433427762,0,0.194334277620397,0.194334277620397,14.3162837883138,223.496387135566,0.649857523710983,0.193058784131278,0,0.109141843400395,0.138241705811196,0.0223404255319149,0.279113924050633,0,0,0,0,0,female
0.0209070583567969,0.0612656252271904,0,0,0.00171779141104294,0.00171779141104294,10.119068872454,108.72846938697,0.286235509630632,0.0725515348533907,0,0.0209070583567969,0.209101335159192,0.0868110236220472,0.239673913043478,0,0,0,0,0,male
0.100816370187501,0.103847095656159,0.078448275862069,0,0.208793103448276,0.208793103448276,17.1109234635905,310.367463878707,0.634803066655838,0.25239785457281,0,0.100816370187501,0.146783028990342,0.032910447761194,0.245,0,0,0,0,0,male
0.055979866944058,0.0985368829031902,0.000210526315789474,0,0.0652631578947368,0.0652631578947368,29.2866884618688,901.801331629908,0.403355618958759,0.154177749628854,0,0.055979866944058,0.204883728139431,0.0586436170212766,0.275625,0,0,0,0,0,female
0.0795242625117568,0.099586650363919,0.000276134122287968,0,0.191084812623274,0.191084812623274,25.5222447073207,685.744235446648,0.566798305368439,0.283302816180715,0,0.0795242625117568,0.190731303182629,0.134451219512195,0.245,0,0,0,0,0,female
0.0266490971698522,0.0714123896711093,0,0,0.000306010928961749,0.000306010928961749,24.2830205942505,620.081120736358,0.283705738201925,0.10294974180433,0,0.0266490971698522,0.184944658352621,0.0245,0.2625,0,0,0,0,0,female
0.0252808286606398,0.0689747592301214,0,0,0.00148148148148148,0.00148148148148148,10.9330876542503,126.716420800408,0.29682892029103,0.0843950398808523,0,0.0252808286606398,0.102431907945176,0.0256993006993007,0.279113924050633,0,0,0,0,0,male
0.0884617814252691,0.101437400701234,0.000283975659229209,0,0.186004056795132,0.186004056795132,25.1492406160018,666.245685107363,0.564192491574783,0.18277187093,0,0.0884617814252691,0.170411156577148,0.0302884615384615,0.275625,0,0,0,0,0,female
0.0501613338732056,0.0887869814739824,0,0,0.000380434782608696,0.000380434782608696,21.7479278356416,497.989548860896,0.366659046852063,0.0643609420591423,0,0.0501613338732056,0.17362331744532,0.0315,0.245,0,0,0,0,0,male
0.0989342552638816,0.106614074100721,0.000833333333333333,0,0.201666666666667,0.201666666666667,14.4550118310494,222.701779301903,0.581284692059541,0.133146483180681,0,0.0989342552638816,0.142766005560536,0.0225,0.253448275862069,0,0,0,0,0,female
0.0257263816670672,0.0739705525714204,0,0,0.000293501048218029,0.000293501048218029,24.8004277782516,646.744856415067,0.240975005363526,0.0569967502859272,0,0.0257263816670672,0.139751908829328,0.0174722662440571,0.275625,0,0,0,0,0,female
0.141643885269969,0.115105776102917,0.195759312320917,0,0.244699140401146,0.244699140401146,14.3878861807919,224.242340400956,0.683891590721023,0.137751214141242,0,0.141643885269969,0.207904054656831,0.116052631578947,0.275625,0,0,0,0,0,male
0.10079560995682,0.0992008693198411,0.109901873327386,0,0.186958073148974,0.186958073148974,38.0244404210341,1520.17305066462,0.666401278291877,0.342506766736912,0,0.10079560995682,0.132529452109037,0.0112156663275687,0.275625,0,0,0,0,0,male
0.05824580861281,0.0972795666462719,0.000138820029747149,0,0.115081804660387,0.115081804660387,36.0947209812352,1368.65886951959,0.456286919473818,0.21958162037201,0,0.05824580861281,0.198529107446649,0.0258196721311475,0.275625,0,0,0,0,0,female
0.128345554755864,0.110167704509272,0.172444444444444,0,0.229333333333333,0.229333333333333,13.7799358710309,204.641256984841,0.687427534441053,0.191677502760998,0,0.128345554755864,0.118435373749926,0.011741214057508,0.256395348837209,0,0,0,0,0,female
0.0333097431611758,0.0749438298170546,0,0,0.000719794344473008,0.000719794344473008,15.7834509569022,262.720474087283,0.354912366766554,0.14822765525799,0,0.0333097431611758,0.159849349528207,0.0258802816901408,0.279113924050633,0,0,0,0,0,male
0.0750993774983667,0.0879671478293268,0.000691358024691358,0,0.163851851851852,0.163851851851852,15.9765282646255,270.731654890131,0.611085915170047,0.302203119008583,0,0.0750993774983667,0.126142905241505,0.0293976221928666,0.204165137614679,0,0,0,0,0,male
0.115959630087205,0.118861124484274,0.000677966101694915,0,0.239322033898305,0.239322033898305,16.0514199604507,274.241554255722,0.589205684797166,0.106972026747807,0,0.115959630087205,0.198603995556925,0.0793165467625899,0.26890243902439,0,0,0,0,0,female
0.00420394731662001,0.0259432577420745,0,0,0.00105660377358491,0.00105660377358491,12.9889473363701,178.295070122368,0.166824511059021,0.0256572469749232,0,0.00420394731662001,0.187584633139156,0.0505733944954128,0.245,0,0,0,0,0,female
0.0592639867734237,0.0938029191163934,0.000445151033386328,0,0.181621621621622,0.181621621621622,20.0652702228074,424.526067991253,0.414053126843256,0.0906560697884085,0,0.0592639867734237,0.179458021729677,0.019758064516129,0.225,0,0,0,0,0,female
0.0500826501850904,0.0879763393517485,0.000395480225988701,0,0.0605084745762712,0.0605084745762712,21.30256433806,478.310556747669,0.430992685765679,0.187877868421364,0,0.0500826501850904,0.165819577611844,0.0205690298507463,0.26890243902439,0,0,0,0,0,female
0.148678732533455,0.1124954289079,0.192805995004163,0.000233139050791007,0.24992506244796,0.249691923397169,27.3380242762683,795.459385579603,0.71213388545035,0.189668967729563,0,0.148678732533455,0.159425755783304,0.0117537313432836,0.275625,0,0,0,0,0,female
0.101346012254653,0.106536143385926,0.000352201257861635,0,0.211320754716981,0.211320754716981,22.3977155414024,531.505952338775,0.565905942799055,0.121349623406424,0,0.101346012254653,0.163115848882369,0.0147393048128342,0.239673913043478,0,0,0,0,0,female
0.0701503182524864,0.0999030750942226,0.000615384615384615,0,0.169230769230769,0.169230769230769,17.0552186241075,306.929534739789,0.503358750232276,0.176613028885521,0,0.0701503182524864,0.117987359523519,0.021,0.239673913043478,0,0,0,0,0,male
0.0249670125811289,0.0644686978037869,0,0,7e-04,7e-04,16.0077468876644,270.195610758758,0.298807958644654,0.10145047955929,0,0.0249670125811289,0.0789570243344016,0.0178687196110211,0.155281690140845,0,0,0,0,0,male
0.0735912045037957,0.0974769528716353,0.000786516853932584,0,0.176179775280899,0.176179775280899,15.0349786111243,239.198565514617,0.528732627729026,0.185638600710083,0,0.0735912045037957,0.148230484029627,0.0139556962025316,0.239673913043478,0,0,0,0,0,female
0.104890227690136,0.0959023312060604,0.135670103092784,0,0.176563573883162,0.176563573883162,18.8310366269514,380.17572289418,0.683365107801278,0.239217773174885,0,0.104890227690136,0.157168983466023,0.055125,0.250568181818182,0,0,0,0,0,female
0.04772951876675,0.0936968142370564,0,0,0.000691358024691358,0.000691358024691358,16.0995485730945,273.405094649241,0.371524618342971,0.109694294837702,0,0.04772951876675,0.146750852183607,0.038548951048951,0.275625,0,0,0,0,0,female
0.116555442624546,0.10817844526222,0.110455172413793,0,0.223227586206897,0.223227586206897,21.4494860081193,486.708636681803,0.696702662679471,0.304417982229527,0,0.116555442624546,0.0830224655644054,0.0144306282722513,0.196875,0,0,0,0,0,male
0.0798822725223725,0.0975666382546567,0.000694789081885856,0,0.154937965260546,0.154937965260546,15.9583777263786,269.841864915769,0.567508778335008,0.215929511979455,0,0.0798822725223725,0.124440330157127,0.0216814159292035,0.279113924050633,0,0,0,0,0,female
0.080673587144075,0.0836469054137067,0.0309302325581395,0.000542635658914729,0.167674418604651,0.167131782945736,16.9351093139912,316.83861981146,0.773803780425878,0.383781179023014,0,0.080673587144075,0.15334575400015,0.0200090744101633,0.234574468085106,0,0,0,0,0,female
0.00644537492757712,0.0308167754652287,0,0,0.00110236220472441,0.00110236220472441,12.7134856431337,170.8693419208,0.187590364785352,0.0349210407526291,0,0.00644537492757712,0.184338074940523,0.113659793814433,0.2296875,0,0,0,0,0,female
0.145763380913416,0.0988220555189161,0.174713896457766,0.0673932788374205,0.234223433242507,0.166830154405086,25.5451278416901,706.194848787855,0.812192632491409,0.322293593388393,0,0.145763380913416,0.172142303722943,0.010819430814524,0.2625,0,0,0,0,0,female
0.177766572646952,0.0574025801407,0.183824027072758,0.14497461928934,0.219357021996616,0.0743824027072758,1.06823795460622,3.62440222677437,0.943586149089225,0.513665725077562,0.210118443316413,0.177766572646952,0.0709289962301607,0.0221608040201005,0.242307692307692,0.95224609375,0.1184326171875,8.05341796875,7.9349853515625,0.109905020352782,male
0.0612722675915814,0.102472801723072,0.000211480362537764,0,0.136404833836858,0.136404833836858,29.2237222680424,897.893618278671,0.443365413397508,0.17261482829942,0,0.0612722675915814,0.179603845801842,0.0120491803278689,0.275625,0,0,0,0,0,male
0.143039980071257,0.0823044048065142,0.156314363143631,0.11672990063234,0.199692863595303,0.082962962962963,36.7587024603388,1447.47576446097,0.838089398091437,0.399546726921094,0,0.143039980071257,0.0865526792333462,0.0111381381381381,0.18545,0,0,0,0,0,male
0.0485819568402844,0.084498810704692,0.000752688172043011,0,0.0639784946236559,0.0639784946236559,15.4104569686769,250.747175465378,0.414619829989854,0.127802065651564,0,0.0485819568402844,0.1605130489604,0.0652366863905325,0.200454545454545,0,0,0,0,0,male
0.0290612685760729,0.0711031128180272,0,0,0.00170731707317073,0.00170731707317073,10.1765588117978,109.981902671192,0.387475763909478,0.169521945123454,0,0.0290612685760729,0.148486458251453,0.039873417721519,0.259411764705882,0,0,0,0,0,female
0.0881320294040725,0.112288001546631,0.000499108734402852,0,0.222602495543672,0.222602495543672,18.8279613821625,375.453951234961,0.484125266454714,0.0866511211929922,0,0.0881320294040725,0.187942838709502,0.036996644295302,0.275625,0,0,0,0,0,female
0.0144735789046507,0.052536587166724,0,0,0.000454545454545455,0.000454545454545455,19.9031445193513,416.961937594951,0.21302218860776,0.05686474832044,0,0.0144735789046507,0.136782723211673,0.0120491803278689,0.26890243902439,0,0,0,0,0,female
0.113611958822719,0.105408480644427,0.0783437892095358,0.000351317440401506,0.221329987452949,0.220978670012547,22.3928576272455,532.007000817282,0.753235855106931,0.451629291687711,0,0.113611958822719,0.136808064202893,0.0217536656891496,0.278175,0,0,0,0,0,female
0.0505703534437356,0.0947153028886043,0.00131455399061033,0,0.0170892018779343,0.0170892018779343,11.5880930572003,142.514122559305,0.416998338614358,0.160847854526944,0,0.0505703534437356,0.197333029042209,0.0878486055776892,0.279113924050633,0,0,0,0,0,female
0.102166407480244,0.120803007725611,0.00031927023945268,0,0.242964652223489,0.242964652223489,23.6441442882622,590.213691784582,0.535844110513767,0.129300355122859,0,0.102166407480244,0.244785777740783,0.177822580645161,0.275625,0,0,0,0,0,female
0.0854780345901818,0.0969253472316395,0.00613698630136986,0,0.172986301369863,0.172986301369863,21.6470047008368,493.687537530671,0.632616485910809,0.329074629356511,0,0.0854780345901818,0.103617988814462,0.0568298969072165,0.200454545454545,0,0,0,0,0,male
0.0703813193495099,0.102497938471305,0.000864197530864197,0,0.192716049382716,0.192716049382716,14.3399112527091,217.608605265738,0.468653740041093,0.103124777234946,0,0.0703813193495099,0.190502106575244,0.13125,0.225,0,0,0,0,0,female
0.0910719956894231,0.0980623083916072,0.00106870229007634,0,0.185954198473282,0.185954198473282,12.6729905233128,172.096489144877,0.594557624185666,0.171818908919733,0,0.0910719956894231,0.19288708712067,0.153125,0.256395348837209,0,0,0,0,0,female
0.0350936003167555,0.0771933684032611,0,0,0.000694789081885856,0.000694789081885856,16.0635830908346,272.127117060436,0.347417894396551,0.123335591444027,0,0.0350936003167555,0.211931189744828,0.153125,0.275625,0,0,0,0,0,female
0.04696449192031,0.0930193112719293,0,0,0.000474576271186441,0.000474576271186441,19.4538599776899,398.727990908894,0.343594154441914,0.0820937500861305,0,0.04696449192031,0.20776181937908,0.148986486486486,0.26890243902439,0,0,0,0,0,female
0.0967754973880205,0.100786270394474,0.0691271820448878,0,0.181546134663342,0.181546134663342,15.9397800020005,269.078676761326,0.686402126696447,0.409464689546329,0,0.0967754973880205,0.160824496267198,0.0245,0.279113924050633,0,0,0,0,0,female
0.0686494505626767,0.108977745444482,0.000634920634920635,0,0.221587301587302,0.221587301587302,16.7740128302784,297.23220213623,0.443910751436979,0.10916654235401,0,0.0686494505626767,0.193670757014499,0.0568298969072165,0.256395348837209,0,0,0,0,0,female
0.0791046616039577,0.0866169702524499,0.0618473895582329,0,0.156867469879518,0.156867469879518,17.7844633810301,334.62268342365,0.672536869956574,0.38205167821804,0,0.0791046616039577,0.0818131782844296,0.01930823117338,0.16455223880597,0,0,0,0,0,male
0.054207115188928,0.0910765755937753,0.000524344569288389,0,0.109588014981273,0.109588014981273,18.51084449632,361.055296811849,0.442354110637716,0.175298818871356,0,0.054207115188928,0.199062968874106,0.0804744525547445,0.275625,0,0,0,0,0,female
0.0817500020617125,0.108069650855079,0.000506329113924051,0,0.180759493670886,0.180759493670886,18.8099013225775,373.334361584959,0.529874157926796,0.204186741023674,0,0.0817500020617125,0.182265654152381,0.0448170731707317,0.26890243902439,0,0,0,0,0,male
0.0652867850218088,0.109693174581782,0.00120171673819742,0,0.187467811158798,0.187467811158798,12.1067263556893,155.6375010518,0.400406957067832,0.0539312442607362,0,0.0652867850218088,0.202947513592728,0.153125,0.239673913043478,0,0,0,0,0,female
0.0955232196609207,0.0869914450958535,0.08231822971549,0.00029504741833509,0.173192834562698,0.172897787144362,24.4553419807687,634.032761373412,0.728891200942728,0.395997637244249,0,0.0955232196609207,0.0795779769813982,0.0111815415821501,0.216176470588235,0,0,0,0,0,female
0.0387409619412251,0.0869388538332241,0,0,0.000608695652173913,0.000608695652173913,17.1783216657321,311.039167304123,0.336426242804225,0.114793343666444,0,0.0387409619412251,0.148443743892451,0.04921875,0.234574468085106,0,0,0,0,0,female
0.0753624071356156,0.106423535449696,0.00135922330097087,0,0.193009708737864,0.193009708737864,11.3758853951298,137.55005188757,0.514344736053612,0.166923082157804,0,0.0753624071356156,0.198940089998275,0.0684782608695652,0.234574468085106,0,0,0,0,0,female
0.132328098486742,0.108434444777425,0.18,0.0003125,0.2296875,0.229375,23.475604854108,588.868784207476,0.676005167846213,0.183519850518941,0,0.132328098486742,0.176114759123986,0.0175837320574163,0.256395348837209,0,0,0,0,0,female
0.0169606472674543,0.0515371582888246,0,0,0.00134615384615385,0.00134615384615385,11.4719263341561,139.412912019478,0.295470126097424,0.0895058787017738,0,0.0169606472674543,0.155328272770074,0.0120491803278689,0.245,0,0,0,0,0,female
0.107284634861906,0.095631894217828,0.121386363636364,0,0.178340909090909,0.178340909090909,33.5484136207034,1186.83515073456,0.695137410006315,0.257738203743915,0,0.107284634861906,0.115772439123088,0.0184056761268781,0.245,0,0,0,0,0,male
0.0812777817059928,0.0961441175419445,0.0344776119402985,0,0.169253731343284,0.169253731343284,22.7367774793977,544.365190560095,0.677601826546818,0.450694697556447,0,0.0812777817059928,0.207316257063789,0.0495867768595041,0.27906976744186,0,0,0,0,0,female
0.0849700919333658,0.103269634007049,0.000266666666666667,0,0.186933333333333,0.186933333333333,25.9806024237225,710.595517974469,0.571629902584764,0.259511971376861,0,0.0849700919333658,0.145410554367876,0.010819430814524,0.275625,0,0,0,0,0,male
0.030782505885818,0.0685113466664312,0,0,0.000539499036608863,0.000539499036608863,18.2154818406182,350.013958974626,0.324102375103577,0.0810656961474799,0,0.030782505885818,0.0924796820897302,0.0605769230769231,0.275625,0,0,0,0,0,female
0.0711287257280118,0.102618241637545,0.000765027322404372,0,0.171366120218579,0.171366120218579,15.2591149622758,246.220989701742,0.512176627817233,0.217482421205993,0,0.0711287257280118,0.249007524999343,0.159782608695652,0.275625,0,0,0,0,0,female
0.105263438790797,0.109784221953779,0.0618912529550827,0,0.22241134751773,0.22241134751773,23.2515211741884,570.407407955433,0.640424911551403,0.309080560941341,0,0.105263438790797,0.172445836988752,0.0124295377677565,0.275625,0,0,0,0,0,female
0.053833691563632,0.084792399925795,0.00185430463576159,0,0.103841059602649,0.103841059602649,9.73416467541238,100.843440922485,0.509928705999519,0.191414839570878,0,0.053833691563632,0.0847311767342279,0.0425675675675676,0.125284090909091,0,0,0,0,0,male
0.0849611539239911,0.0942106594318735,0.0544864864864865,0,0.16245045045045,0.16245045045045,18.8005393767272,373.493219969965,0.636431934646584,0.288787363342598,0,0.0849611539239911,0.123115891365663,0.0221385542168675,0.279113924050633,0,0,0,0,0,female
0.05921852707226,0.0815896627443702,0.000786516853932584,0,0.121910112359551,0.121910112359551,15.0395376026409,239.276285719919,0.535422931056396,0.179030401480121,0,0.05921852707226,0.184657372217956,0.1575,0.208018867924528,0,0,0,0,0,female
0.0427522847379002,0.088319819000974,0,0,0.000427480916030534,0.000427480916030534,20.5258203297784,443.484826950275,0.346895819962419,0.114643585816865,0,0.0427522847379002,0.179865081195547,0.0300408719346049,0.275625,0,0,0,0,0,female
0.106682582985645,0.117525834153105,0.000326340326340326,0,0.235944055944056,0.235944055944056,23.3818700095585,577.330713103606,0.550302857693868,0.108853313293596,0,0.106682582985645,0.186172127008868,0.00804020100502512,0.275862068965517,0,0,0,0,0,male
0.0773514445216523,0.0926164978689394,0.00138613861386139,0,0.171881188118812,0.171881188118812,11.0600867690944,131.617380172605,0.560254533294675,0.190800319567866,0,0.0773514445216523,0.139896401258538,0.029089709762533,0.196875,0,0,0,0,0,female
0.100376276657581,0.0882244611566684,0.0768292682926829,0.0107317073170732,0.175853658536585,0.165121951219512,26.9362573288524,768.696465474653,0.851631988150893,0.629531307131953,0,0.100376276657581,0.145367280254048,0.00908059023836549,0.275862068965517,0,0,0,0,0,male
0.0840678143516212,0.117041712595795,0.00106463878326996,0,0.241673003802281,0.241673003802281,12.7648357746085,173.891557285004,0.463342237585977,0.0915864524109597,0,0.0840678143516212,0.231826801008652,0.108088235294118,0.275625,0,0,0,0,0,female
0.0616403670960644,0.0961955418211342,0.00066193853427896,0,0.13371158392435,0.13371158392435,16.4412336834365,285.294763954363,0.4662535156819,0.149319022276147,0,0.0616403670960644,0.209756694703231,0.0289370078740157,0.2625,0,0,0,0,0,female
0.0101741242136378,0.040724048978224,0,0,0.00114285714285714,0.00114285714285714,12.4845160123565,164.820802174352,0.238095139164817,0.0701853002693621,0,0.0101741242136378,0.143229841484868,0.0234574468085106,0.275625,0,0,0,0,0,female
0.0564742270013751,0.0933693350408792,0.000573770491803279,0,0.137131147540984,0.137131147540984,17.688704331029,329.802916170637,0.448625277147914,0.186136089793974,0,0.0564742270013751,0.16006814650086,0.0359120521172638,0.216176470588235,0,0,0,0,0,male
0.067375942861982,0.0829829959235223,0.0284745762711864,0,0.124745762711864,0.124745762711864,16.1994518619405,277.579598707945,0.652233960999369,0.3543693929186,0,0.067375942861982,0.0925540647060056,0.0219840478564307,0.247752808988764,0,0,0,0,0,female
0.137476359766072,0.100505124993053,0.181989036805012,0.000219263899765074,0.218167580266249,0.217948316366484,28.266726084494,848.773803608141,0.755501749184546,0.338880170337778,0,0.137476359766072,0.0883205937381254,0.0132352941176471,0.126724137931034,0,0,0,0,0,male
0.113629925866574,0.12219597093695,0.000694789081885856,0,0.250818858560794,0.250818858560794,15.8290720195556,266.95808506153,0.573242731491805,0.118390180706329,0,0.113629925866574,0.235625923440964,0.101146788990826,0.26890243902439,0,0,0,0,0,male
0.188902522831597,0.0301027047774138,0.187079646017699,0.173451327433628,0.201946902654867,0.0284955752212389,2.78864495786832,11.413866299036,0.82130732308128,0.133046383235089,0.174070796460177,0.188902522831597,0.174460395862399,0.0820512820512821,0.216216216216216,0.912109375,0.140625,5.296875,5.15625,0.157162534435262,female
0.0945064668990732,0.089211671959442,0.0937486095661847,0,0.175661846496107,0.175661846496107,23.652297709496,595.444300150466,0.663215647139577,0.234738831542071,0,0.0945064668990732,0.148383372751536,0.0107771260997067,0.2625,0,0,0,0,0,female
0.108831789150965,0.10911975894012,0.116083333333333,0,0.221666666666667,0.221666666666667,17.181742545601,315.555480329147,0.589227549927467,0.123835319023101,0,0.108831789150965,0.169537393558659,0.0428988326848249,0.225,0,0,0,0,0,female
0.126189436266504,0.0949090694618229,0.140391061452514,0.0023463687150838,0.204785847299814,0.20243947858473,37.0308318882991,1447.34868099508,0.818850718273903,0.541741145369094,0,0.126189436266504,0.101794528143484,0.0111476238624874,0.256395348837209,0,0,0,0,0,male
0.0990909427708832,0.118413746027844,0.00060475161987041,0,0.229200863930886,0.229200863930886,17.0955471511969,309.741049226634,0.517863333049359,0.0724456595560726,0,0.0990909427708832,0.200012553683053,0.0435770750988142,0.275625,0,0,0,0,0,female
0.0634746739356018,0.0938526862583682,0.00048526863084922,0,0.161109185441941,0.161109185441941,19.2193139694328,389.521185472659,0.481174508180531,0.187267059859649,0,0.0634746739356018,0.0915257891378985,0.013125,0.275625,0,0,0,0,0,female
0.103665601158596,0.104508609035711,0.0593939393939394,0,0.206181818181818,0.206181818181818,14.3185723768562,218.644425671037,0.656434886120726,0.218629933895838,0,0.103665601158596,0.151950723389399,0.0221432835820896,0.258767441860465,0,0,0,0,0,female
0.0901424828457842,0.101563229859406,0.000411160058737151,0,0.192834067547724,0.192834067547724,20.8781582673369,459.719701718954,0.615488664412543,0.263241471661198,0,0.0901424828457842,0.200082344048725,0.012182320441989,0.2625,0,0,0,0,0,female
0.0930467907520909,0.108907423102991,0.000210368144252442,0,0.217520661157025,0.217520661157025,29.2166512762506,899.263422392041,0.533165876093978,0.146824680256105,0,0.0930467907520909,0.174184555929906,0.0255208333333333,0.275625,0,0,0,0,0,female
0.0964168841222516,0.117103252328197,0.000435458786936236,0,0.23601866251944,0.23601866251944,20.2286763137488,432.372136381848,0.539178151999931,0.179339598751031,0,0.0964168841222516,0.211858183718646,0.0835227272727273,0.275625,0,0,0,0,0,female

0.0823395159064368,0.0848860958237481,0.0608695652173913,0,0.166376811594203,0.166376811594203,13.0045792829657,181.379439888488,0.684720513129599,0.351746579907391,0,0.0823395159064368,0.150999686255832,0.0243646408839779,0.279113924050633,0,0,0,0,0,female
0.0417118409526531,0.0819648451758314,0,0,0.000517560073937153,0.000517560073937153,18.6382038558612,365.918512121913,0.365224282994733,0.110557534692217,0,0.0417118409526531,0.155961946201325,0.0217885375494071,0.259411764705882,0,0,0,0,0,male
0.00573122588148083,0.0316561962791354,0,0,0.000790960451977401,0.000790960451977401,15.0482050685051,238.887055707981,0.171275889055228,0.0336455530167884,0,0.00573122588148083,0.177759581931402,0.055125,0.26890243902439,0,0,0,0,0,female
0.0620660105445347,0.0918842083417774,0.000577319587628866,0,0.150103092783505,0.150103092783505,17.6076835027242,327.1549396505,0.515530795081849,0.223493536940015,0,0.0620660105445347,0.176820266770214,0.0237096774193548,0.279113924050633,0,0,0,0,0,male
0.0570600118948953,0.0995056964338273,0.000359435173299101,0,0.0880616174582798,0.0880616174582798,22.3865272845301,527.526335234802,0.41450199054029,0.155900625126598,0,0.0570600118948953,0.13673300888213,0.0115687303252886,0.250568181818182,0,0,0,0,0,female
0.14436566498827,0.102303113684295,0.200694722778891,0.000187040748162993,0.219772879091516,0.219585838343353,30.3364434437573,983.280653408107,0.699804359577676,0.158200956859164,0,0.14436566498827,0.202374492914798,0.0113659793814433,0.26890243902439,0,0,0,0,0,female
0.0552502123733913,0.0983677466781674,0.000502692998204668,0,0.0336804308797127,0.0336804308797127,18.9063026328563,376.595333134132,0.39079932609421,0.0985013967856925,0,0.0552502123733913,0.152473815883537,0.0215542521994135,0.279113924050633,0,0,0,0,0,male
0.126139986870995,0.1154014869668,0.16697247706422,0,0.241467889908257,0.241467889908257,16.2479085094416,283.764592146603,0.645321461967188,0.186446009913063,0,0.126139986870995,0.101294649869946,0.0322368421052632,0.234574468085106,0,0,0,0,0,female
0.0577798258832077,0.0817134685986222,0.000589473684210526,0,0.0990315789473684,0.0990315789473684,17.4365278515943,320.727726052225,0.560808521958655,0.298319204997548,0,0.0577798258832077,0.0905252942697601,0.0185606060606061,0.250568181818182,0,0,0,0,0,male
0.120948146646094,0.104396044204459,0.139217877094972,0.000223463687150838,0.21854748603352,0.218324022346369,28.2650774231825,843.435965682156,0.711034828757616,0.320607130878097,0,0.120948146646094,0.118702740618277,0.0108620689655172,0.275625,0,0,0,0,0,female
0.0325764235618746,0.0779394939824719,0,0,0.000513761467889908,0.000513761467889908,18.7125289898277,368.763430879477,0.310247885680303,0.0992917117128694,0,0.0325764235618746,0.190517609534057,0.0798913043478261,0.245,0,0,0,0,0,female
0.119426124359848,0.0954330601292152,0.168344880677444,0.000215550423402617,0.1976597382602,0.197444187836798,28.4966091598939,862.945422584968,0.662164152809112,0.132998762366113,0,0.119426124359848,0.167410193661036,0.0113659793814433,0.245,0,0,0,0,0,female
0.0922518124834702,0.0909826954283374,0.0893617021276596,0,0.177872340425532,0.177872340425532,13.9212771247156,210.139566643344,0.627012019538359,0.204131335270141,0,0.0922518124834702,0.153406776869476,0.0347791798107255,0.279113924050633,0,0,0,0,0,female
0.11333336457082,0.114633677934621,0.091685393258427,0,0.235056179775281,0.235056179775281,19.8016504681809,415.899138595135,0.592293493553823,0.109133446045718,0,0.11333336457082,0.139705340337992,0.0263755980861244,0.234574468085106,0,0,0,0,0,female
0.0914376974610554,0.106226061355666,0.000419790104947526,0,0.191004497751124,0.191004497751124,20.6689850172007,450.421472899932,0.608133952474912,0.301323049634927,0,0.0914376974610554,0.134789129974274,0.0841603053435115,0.212019230769231,0,0,0,0,0,female
0.0119209510677331,0.043722660650806,0,0,0.00133971291866029,0.00133971291866029,11.512951496987,140.358790383125,0.254005354833702,0.0759550477953993,0,0.0119209510677331,0.201082098261174,0.1575,0.26890243902439,0,0,0,0,0,female
0.034998841630906,0.0754885761645975,0,0,0.000558882235528942,0.000558882235528942,17.9349172097692,338.852876443679,0.353874993322188,0.125227433152875,0,0.034998841630906,0.179928542824855,0.0398014440433213,0.275625,0,0,0,0,0,female
0.140548940541847,0.116559395372508,0.203433133732535,0,0.247584830339321,0.247584830339321,17.4431087839456,326.736598480808,0.668291107844079,0.133194005738523,0,0.140548940541847,0.120733089885648,0.0117287234042553,0.275625,0,0,0,0,0,female
0.0852075457180254,0.115174032930301,0.000962199312714777,0,0.229965635738832,0.229965635738832,13.5066692339041,193.998625071075,0.477711799329016,0.077526360203706,0,0.0852075457180254,0.211525629094261,0.0993243243243243,0.2625,0,0,0,0,0,female
0.00964680033169787,0.0445824050186067,0,0,0.000602150537634409,0.000602150537634409,17.2721762642045,314.322114874037,0.183305924025873,0.0380490046260561,0,0.00964680033169787,0.180820879172287,0.0242307692307692,0.26890243902439,0,0,0,0,0,female
0.0972940399391185,0.120674393186554,0.000833333333333333,0,0.2575,0.2575,14.3304444815601,220.046274183407,0.523687828735438,0.132868132029736,0,0.0972940399391185,0.220533500415139,0.0828947368421053,0.275625,0,0,0,0,0,female
0.105182400430625,0.0964966504890257,0.127814313346228,0,0.167350096711799,0.167350096711799,25.4087563742874,686.235420051652,0.673711777106336,0.1906180540755,0,0.105182400430625,0.160199870001484,0.0532608695652174,0.250568181818182,0,0,0,0,0,female
0.0755909077294622,0.092744366952572,0.0238297872340426,0,0.150310965630115,0.150310965630115,19.7674226863474,412.293257521594,0.640320498093506,0.346822951214638,0,0.0755909077294622,0.168679791637827,0.0273573200992556,0.2625,0,0,0,0,0,female
0.0607658178706482,0.0967589965135623,0.000212443095599393,0,0.144886191198786,0.144886191198786,29.1615085968158,893.97585299758,0.434503026747476,0.17354971449945,0,0.0607658178706482,0.152378282545021,0.0111363636363636,0.275625,0,0,0,0,0,female
0.0209153217903205,0.0570062331897278,0,0,0.00274509803921569,0.00274509803921569,7.94743338037967,67.5510995528898,0.325779372468507,0.10377863950002,0,0.0209153217903205,0.122861842105263,0.0207236842105263,0.225,0,0,0,0,0,female
0.0181114532497095,0.0618040612520157,0,0,0.00110236220472441,0.00110236220472441,12.71213060161,170.878390006501,0.237564445366465,0.0485536344684569,0,0.0181114532497095,0.224441446708988,0.151027397260274,0.275625,0,0,0,0,0,female
0.0662940427454936,0.101779763810538,0.000180064308681672,0,0.163858520900322,0.163858520900322,31.6744974817314,1054.71025264107,0.448975875640663,0.165309958904891,0,0.0662940427454936,0.110175215571564,0.0122093023255814,0.245,0,0,0,0,0,female
0.00861846526409919,0.0393679574431917,0,0,0.000546875,0.000546875,18.1281496604877,346.104410620013,0.18855814710618,0.0499985605001729,0,0.00861846526409919,0.173714519048295,0.0147393048128342,0.245,0,0,0,0,0,female
0.104117208176473,0.0957435477788652,0.0821890547263682,0.000199004975124378,0.201393034825871,0.201194029850746,29.9414043775802,946.832367943955,0.764805122296844,0.446583617500144,0,0.104117208176473,0.0798729406576188,0.0113194303153611,0.264928571428571,0,0,0,0,0,female
0.0222152842922067,0.0613088901569688,0,0,0.000748663101604278,0.000748663101604278,15.4721895180531,252.49938150209,0.288297588614409,0.0924823614979123,0,0.0222152842922067,0.198589707820284,0.16455223880597,0.275625,0,0,0,0,0,female
0.123008631580566,0.0932170045110878,0.166463700234192,9.36768149882904e-05,0.197470725995316,0.197377049180328,43.6682730843926,2012.01738252266,0.695098912596422,0.171099948274378,0,0.123008631580566,0.116269596961398,0.0116914103923648,0.245,0,0,0,0,0,female
0.0789386533287986,0.0944653363760001,0.00113821138211382,0,0.175284552845528,0.175284552845528,12.3072141727268,162.044299401754,0.540118285075969,0.125903697335342,0,0.0789386533287986,0.160156795902093,0.0250568181818182,0.279113924050633,0,0,0,0,0,female
0.103528412062261,0.110802655492382,0.000419161676646707,0,0.215868263473054,0.215868263473054,20.5793218304762,448.083610306519,0.571209292072142,0.131673562467363,0,0.103528412062261,0.194372229710805,0.0359120521172638,0.234574468085106,0,0,0,0,0,female
0.135206105841572,0.110403657861657,0.190308008213552,0,0.23429158110883,0.23429158110883,24.6177539383391,645.124834039969,0.65525281620255,0.103974839403747,0,0.135206105841572,0.183609854984856,0.0167553191489362,0.275625,0,0,0,0,0,female
0.0759431424388531,0.0940839526276208,0.000558882235528942,0,0.134690618762475,0.134690618762475,17.7607711312485,334.533061258601,0.598187072944854,0.225917373274693,0,0.0759431424388531,0.160342286428826,0.0110692771084337,0.26890243902439,0,0,0,0,0,female
0.119959971669137,0.121698138434331,0.0714714714714715,0,0.248048048048048,0.248048048048048,14.2440298496157,217.714150531684,0.600695538909224,0.136668090832564,0,0.119959971669137,0.136623059403375,0.0267597087378641,0.275625,0,0,0,0,0,female
0.0921204838882238,0.103095401673463,0.000359435173299101,0,0.189781771501926,0.189781771501926,22.2862603492748,524.422480797208,0.565333418163906,0.14752844858756,0,0.0921204838882238,0.136312019524442,0.0123737373737374,0.2296875,0,0,0,0,0,female
0.123987821473901,0.120148984185222,0.167351664254703,0,0.250419681620839,0.250419681620839,20.5121728289959,450.962855811806,0.576643402840568,0.10901668781171,0,0.123987821473901,0.202277181021823,0.023760775862069,0.256395348837209,0,0,0,0,0,female
0.0732400271299216,0.0992542756087385,0.000649651972157773,0,0.170208816705336,0.170208816705336,16.55155024253,289.643143607014,0.515400369181403,0.188963007647645,0,0.0732400271299216,0.107014960791751,0.0335106382978723,0.216176470588235,0,0,0,0,0,female
0.127124579933355,0.109922387284909,0.166065711878686,0,0.228104465037911,0.228104465037911,27.4924218620346,798.183760324702,0.705409846899833,0.306712366304838,0,0.127124579933355,0.083980147166667,0.0228734439834025,0.250568181818182,0,0,0,0,0,female
0.0953852450197068,0.0969770550221765,0.084672,0,0.187264,0.187264,19.9821014290894,421.458220124307,0.678186196751057,0.366804811179962,0,0.0953852450197068,0.101765230791697,0.0135608856088561,0.204166666666667,0,0,0,0,0,male

0.113978754000785,0.0935838212441397,0.172410501193317,0,0.189116945107399,0.189116945107399,15.3424389793198,259.084187347573,0.653555002763997,0.150622051449771,0,0.113978754000785,0.0664911986639943,0.026002358490566,0.227319587628866,0,0,0,0,0,female
0.126338866710575,0.11606477149256,0.183636363636364,0,0.238787878787879,0.238787878787879,16.7272871224772,300.614923421033,0.626648573245194,0.141774404543619,0,0.126338866710575,0.116764388720338,0.0835227272727273,0.245,0,0,0,0,0,female
0.1200366471814,0.126409897629612,0.000353982300884956,0,0.260176991150442,0.260176991150442,22.2330903850207,525.40578652697,0.548768010745801,0.112344080335591,0,0.1200366471814,0.181039902800906,0.0127752027809965,0.275625,0,0,0,0,0,female
0.0839939638214112,0.100292669637556,0.000883280757097792,0,0.184605678233438,0.184605678233438,14.1372086948435,212.042193916617,0.56159979072168,0.140451090567135,0,0.0839939638214112,0.173261398259156,0.159782608695652,0.256395348837209,0,0,0,0,0,female
0.0526880451541101,0.0823179422554479,0.000686274509803922,0,0.118039215686275,0.118039215686275,16.0599463239999,273.160275050451,0.456582449536954,0.152144818676615,0,0.0526880451541101,0.146425096915425,0.0386842105263158,0.200454545454545,0,0,0,0,0,female
0.0417489579475812,0.0797809496165425,0.000632054176072235,0,0.029706546275395,0.029706546275395,16.8021496198991,297.776349399387,0.511635102434279,0.264942410757517,0,0.0417489579475812,0.171916813267425,0.0251712328767123,0.279113924050633,0,0,0,0,0,male
0.0622273941142603,0.0852750936630412,0.00152173913043478,0,0.141521739130435,0.141521739130435,10.7466974013416,122.884348502871,0.6179610689754,0.344287075735496,0,0.0622273941142603,0.0932419193218734,0.0224770642201835,0.26566265060241,0,0,0,0,0,female
0.0643107675369889,0.0896186287631626,0.00104089219330855,0,0.153011152416357,0.153011152416357,12.940910934956,178.381591848355,0.48581097243609,0.11363959699105,0,0.0643107675369889,0.121167078823213,0.0238636363636364,0.175,0,0,0,0,0,female
0.00643959385867188,0.0324334818190364,0,0,0.00168674698795181,0.00168674698795181,10.2276755499384,111.02097454747,0.196286422254757,0.0417295138556753,0,0.00643959385867188,0.279113924050633,0.279113924050633,0.279113924050633,0,0,0,0,0,male
0.0865065473736833,0.0925343432699066,0.0579127134724858,0,0.171612903225806,0.171612903225806,18.2999712568816,354.166324476737,0.634253186583601,0.280198006916799,0,0.0865065473736833,0.128875782941655,0.016455223880597,0.2625,0,0,0,0,0,female
0.127900670287501,0.122510063059993,0.181962864721485,0,0.244350132625995,0.244350132625995,14.879720518744,240.434193146343,0.577373293336672,0.0821111856296238,0,0.127900670287501,0.189420642530212,0.0294786096256685,0.275625,0,0,0,0,0,female
0.0684355666991392,0.0843601295641134,0.000419161676646707,0,0.131616766467066,0.131616766467066,20.7023377022636,451.64720175534,0.615019447031384,0.353283980229878,0,0.0684355666991392,0.107081771435078,0.0417613636363636,0.239673913043478,0,0,0,0,0,male
0.126431727945004,0.119515108436015,0.175492957746479,0,0.242535211267606,0.242535211267606,13.0825649071083,184.564882740426,0.633127242103193,0.158187020575128,0,0.126431727945004,0.189370843772158,0.0389575971731449,0.250568181818182,0,0,0,0,0,male
0.097833330344659,0.0831072391734972,0.0872919418758256,0.000369881109643329,0.162377807133421,0.162007926023778,21.7473320200829,503.128804208901,0.802334545544566,0.476310684577268,0,0.097833330344659,0.135611466224547,0.0222952477249747,0.259411764705882,0,0,0,0,0,female
0.0991563814326327,0.099074379066945,0.1185313174946,0,0.18732181425486,0.18732181425486,34.5253050290405,1254.1267550932,0.62520772866247,0.204238625370535,0,0.0991563814326327,0.164906208506509,0.0258196721311475,0.26890243902439,0,0,0,0,0,male
0.0106043247421733,0.0444682977042527,0,0,0.00106463878326996,0.00106463878326996,12.9372577312826,176.890821536683,0.210547700936328,0.0501115103038685,0,0.0106043247421733,0.150887062936521,0.075513698630137,0.2205,0,0,0,0,0,female
0.13580600848104,0.0996256806304344,0.136375404530744,0.000151024811218986,0.235900755124056,0.235749730312837,34.1864691886665,1238.44176918891,0.778349150005003,0.361586845995649,0,0.13580600848104,0.108945710278767,0.0218390578999019,0.264928571428571,0,0,0,0,0,female
0.0693076853112971,0.0812685653898906,0.0487640449438202,0,0.131820224719101,0.131820224719101,23.739684491376,596.339479261832,0.624460481446959,0.31252122969913,0,0.0693076853112971,0.119226046330141,0.0152990264255911,0.255813953488372,0,0,0,0,0,female
0.0758110628631656,0.111665248357312,0.000406976744186047,0,0.204302325581395,0.204302325581395,20.9621390001811,463.670828941144,0.46273443594098,0.153373589674678,0,0.0758110628631656,0.0936390741612487,0.0225922131147541,0.279113924050633,0,0,0,0,0,female
0.139480032249293,0.109251332845257,0.184777327935223,0.000566801619433198,0.244858299595142,0.244291497975709,17.2452117266885,320.420767967437,0.724171562563934,0.236675705688158,0,0.139480032249293,0.194058173677585,0.04921875,0.26890243902439,0,0,0,0,0,female
0.0147133304533104,0.0547726455369835,0,0,0.000390516039051604,0.000390516039051604,21.4844679957701,485.638310690475,0.207319258857288,0.0569742438949175,0,0.0147133304533104,0.152391069541095,0.0116790254237288,0.26890243902439,0,0,0,0,0,female
0.0470590898147164,0.0887130908068583,0,0,0.000771349862258953,0.000771349862258953,15.233935451708,244.9083940841,0.401559108255642,0.146594353311495,0,0.0470590898147164,0.142996201926349,0.0121688741721854,0.26890243902439,0,0,0,0,0,female
0.0650097547433898,0.086866446506605,0.000875,0,0.1645,0.1645,14.219158820812,214.313771050631,0.532471566995445,0.198882949659797,0,0.0650097547433898,0.135544628971759,0.0299592391304348,0.196875,0,0,0,0,0,female
0.185253067606946,0.0776139441813368,0.21,0.116666666666667,0.251666666666667,0.135,1.70543190577413,5.46484089778761,0.944650489841426,0.703048774215627,0.249166666666667,0.185253067606946,0.187306245103985,0.098,0.279113924050633,0.73212890625,0.107666015625,5.4156005859375,5.3079345703125,0.191591370090356,female
0.0660828836127353,0.0837050607653537,0.000539499036608863,0,0.122466281310212,0.122466281310212,18.1868828265019,349.413552352474,0.579450692772926,0.22803003425464,0,0.0660828836127353,0.163170872847768,0.0868110236220472,0.212019230769231,0,0,0,0,0,female
0.111746932394719,0.103522654486414,0.144329896907216,0,0.202061855670103,0.202061855670103,10.6581139134423,123.71033545348,0.684703929080274,0.276476886038785,0,0.111746932394719,0.135818240249405,0.0233580508474576,0.200454545454545,0,0,0,0,0,male
0.0854529418690035,0.115260480790406,0.000324074074074074,0,0.229444444444444,0.229444444444444,23.4870610883256,582.073528650997,0.498698430283873,0.174778827206914,0,0.0854529418690035,0.175161745876996,0.019107452339688,0.26890243902439,0,0,0,0,0,male
0.0903932829158028,0.0979993510244337,0.0737759336099585,0,0.18298755186722,0.18298755186722,17.5269546931207,324.630581900905,0.672522239491274,0.374764910446006,0,0.0903932829158028,0.102766185104488,0.0115203761755486,0.250568181818182,0,0,0,0,0,male
0.115731553470608,0.104368523814431,0.152426035502959,0,0.205443786982249,0.205443786982249,20.6552726695129,452.181200625982,0.677249280427679,0.242143034436286,0,0.115731553470608,0.138273037747715,0.0218100890207715,0.272222222222222,0,0,0,0,0,female
0.0671069980377304,0.106061457303289,0.000897435897435897,0,0.208205128205128,0.208205128205128,14.060583952078,209.337669562954,0.422072557853863,0.0700988466505057,0,0.0671069980377304,0.212152038041133,0.0164307004470939,0.256395348837209,0,0,0,0,0,female
0.11708317355726,0.116019001417607,0.126835187057634,0,0.233569261880688,0.233569261880688,25.0978038394344,665.288062681814,0.605220483483678,0.15196918669386,0,0.11708317355726,0.164589520532781,0.0149560301507538,0.270568181818182,0,0,0,0,0,female
0.105075535411604,0.100999068199387,0.120340425531915,0,0.194212765957447,0.194212765957447,11.6862742236697,148.79612463214,0.66183129663381,0.275033529696175,0,0.105075535411604,0.151196609071668,0.0395161290322581,0.216176470588235,0,0,0,0,0,female
0.0815951664214449,0.0983559098274601,0.000343980343980344,0,0.181621621621622,0.181621621621622,22.8685811002179,550.791247507749,0.580992580915975,0.279542718089123,0,0.0815951664214449,0.11127190580794,0.0109375,0.256395348837209,0,0,0,0,0,female
0.0479753617406018,0.0777892188582824,0.000748663101604278,0,0.0928342245989305,0.0928342245989305,15.4651091337067,252.411774571249,0.506928231776076,0.266533190113228,0,0.0479753617406018,0.124504448504332,0.014188790560472,0.200416666666667,0,0,0,0,0,male
0.0951914411340688,0.0849896565522848,0.102980769230769,0,0.173653846153846,0.173653846153846,15.8943328467988,271.404911514299,0.704242655930405,0.274990611404684,0,0.0951914411340688,0.135310994634731,0.0240458015267176,0.279113924050633,0,0,0,0,0,female
0.10267895445975,0.105239571864878,0.0558199356913183,0,0.20572347266881,0.20572347266881,28.1455630864627,836.583801114723,0.587380126572591,0.186724059938654,0,0.10267895445975,0.14040713275822,0.0113777089783282,0.245,0,0,0,0,0,female
0.074927923331842,0.0821771139502958,0.00053742802303263,0,0.158541266794626,0.158541266794626,17.9970183079112,344.923527742426,0.582931841733007,0.215080909786335,0,0.074927923331842,0.138886604259993,0.0163091715976331,0.18375,0,0,0,0,0,female
0.126368824077201,0.121170868181441,0.190702702702703,0,0.242540540540541,0.242540540540541,21.4710062672954,490.421345374965,0.598407392101477,0.121199888031215,0,0.126368824077201,0.192207137510728,0.0118548387096774,0.275625,0,0,0,0,0,female
0.0833546117442309,0.0965832415695372,0.000460526315789474,0,0.162565789473684,0.162565789473684,19.7286890994989,410.493303501501,0.610480514344138,0.291283685327114,0,0.0833546117442309,0.12697325584023,0.0165789473684211,0.234574468085106,0,0,0,0,0,male
0.0593710854140765,0.0939285504388483,0.000286006128702758,0,0.139570990806946,0.139570990806946,25.1160598086623,663.431383672991,0.455861957164696,0.20039924661185,0,0.0593710854140765,0.164149187944127,0.0303188010899183,0.271390243902439,0,0,0,0,0,male
0.12642795263756,0.12286635649152,0.101721518987342,0,0.258025316455696,0.258025316455696,22.1765635416185,524.779430318722,0.641345262161336,0.257370197325246,0,0.12642795263756,0.212746298445981,0.0571243523316062,0.26890243902439,0,0,0,0,0,female
